<?xml version="1.0" encoding="UTF-8"?>
<project-private xmlns="http://www.netbeans.org/ns/project-private/1">
    <editor-bookmarks xmlns="http://www.netbeans.org/ns/editor-bookmarks/2" lastBookmarkId="0"/>
    <open-files xmlns="http://www.netbeans.org/ns/projectui-open-files/2">
        <group>
            <file>file:/C:/Users/Administrator/Downloads/project%20(2)/project/src/project/Final_controller.java</file>
            <file>file:/C:/Users/Administrator/Downloads/project%20(2)/project/src/project/Final_dean.java</file>
            <file>file:/C:/Users/Administrator/Downloads/project%20(2)/project/src/project/Controller_login.java</file>
            <file>file:/C:/Users/Administrator/Downloads/project%20(2)/project/src/project/Dean_approval.java</file>
            <file>file:/C:/Users/Administrator/Downloads/project%20(2)/project/src/project/VC_approval.java</file>
        </group>
    </open-files>
</project-private>
